{
  "precision_anomaly": 0.615340747077274,
  "recall_anomaly": 0.01808263714900998,
  "f1_anomaly": 0.03513284709559781,
  "confusion_matrix": [
    [
      54651,
      1349
    ],
    [
      117183,
      2158
    ]
  ],
  "classification_report": {
    "0": {
      "precision": 0.3180453228115507,
      "recall": 0.9759107142857143,
      "f1-score": 0.47974402415793954,
      "support": 56000.0
    },
    "1": {
      "precision": 0.615340747077274,
      "recall": 0.01808263714900998,
      "f1-score": 0.03513284709559781,
      "support": 119341.0
    },
    "accuracy": 0.3239915364917504,
    "macro avg": {
      "precision": 0.4666930349444124,
      "recall": 0.4969966757173621,
      "f1-score": 0.25743843562676866,
      "support": 175341.0
    },
    "weighted avg": {
      "precision": 0.5203912272337662,
      "recall": 0.3239915364917504,
      "f1-score": 0.17713172879178488,
      "support": 175341.0
    }
  }
}